<?xml version="1.0" encoding="UTF-8"?>
<project-private xmlns="http://www.netbeans.org/ns/project-private/1">
    <editor-bookmarks xmlns="http://www.netbeans.org/ns/editor-bookmarks/2" lastBookmarkId="0"/>
    <open-files xmlns="http://www.netbeans.org/ns/projectui-open-files/2">
        <group>
            <file>file:/C:/Users/egben/OneDrive%20-%20Limerick%20Institute%20Of%20Technology/Semester2/Data%20Applications/FileInputOutput/src/invoice/dat.java</file>
            <file>file:/C:/Users/egben/OneDrive%20-%20Limerick%20Institute%20Of%20Technology/Semester2/Data%20Applications/FileInputOutput/src/HandlingFilesJFrame.java</file>
            <file>file:/C:/Users/egben/OneDrive%20-%20Limerick%20Institute%20Of%20Technology/Semester2/Data%20Applications/FileInputOutput/src/fileinputoutput/ParseInvoice.java</file>
        </group>
    </open-files>
</project-private>
